{
  "n_nodes": 65,
  "n_edges": 131,
  "beta_0": 10,
  "beta_1": 76,
  "graph_density": 0.06298076923076923,
  "average_degree": 4.030769230769231,
  "n_connected_components": 10,
  "largest_component_n_nodes": 51,
  "largest_component_n_edges": 126,
  "diameter_largest_component": 8,
  "average_shortest_path_largest_component": 3.4619607843137254,
  "average_clustering": 0.4488644688644689,
  "mean_node_size": 197.64615384615385,
  "median_node_size": 19.0,
  "max_node_size": 2105
}