{
  "n_nodes": 129,
  "n_edges": 272,
  "beta_0": 9,
  "beta_1": 152,
  "graph_density": 0.03294573643410853,
  "average_degree": 4.217054263565892,
  "n_connected_components": 9,
  "largest_component_n_nodes": 105,
  "largest_component_n_edges": 241,
  "diameter_largest_component": 8,
  "average_shortest_path_largest_component": 3.279304029304029,
  "average_clustering": 0.7049602188330679,
  "mean_node_size": 103.21705426356588,
  "median_node_size": 8.0,
  "max_node_size": 2329
}