{
  "n_nodes": 71,
  "n_edges": 116,
  "beta_0": 14,
  "beta_1": 59,
  "graph_density": 0.04668008048289739,
  "average_degree": 3.267605633802817,
  "n_connected_components": 14,
  "largest_component_n_nodes": 43,
  "largest_component_n_edges": 92,
  "diameter_largest_component": 9,
  "average_shortest_path_largest_component": 3.5968992248062017,
  "average_clustering": 0.5611151759039082,
  "mean_node_size": 194.53521126760563,
  "median_node_size": 6.0,
  "max_node_size": 2560
}