{
  "n_nodes": 74,
  "n_edges": 156,
  "beta_0": 9,
  "beta_1": 91,
  "graph_density": 0.05775638652350981,
  "average_degree": 4.216216216216216,
  "n_connected_components": 9,
  "largest_component_n_nodes": 58,
  "largest_component_n_edges": 145,
  "diameter_largest_component": 7,
  "average_shortest_path_largest_component": 3.3321234119782215,
  "average_clustering": 0.5432567432567432,
  "mean_node_size": 185.77027027027026,
  "median_node_size": 10.5,
  "max_node_size": 2351
}