{
  "method": "knn",
  "features_imputed": [
    "pl_rade",
    "pl_bmasse",
    "pl_dens",
    "pl_orbper",
    "pl_orbsmax",
    "pl_insol",
    "pl_eqt"
  ],
  "excluded_features": [],
  "n_rows": 6273,
  "n_features_fully_imputed": 7,
  "feature_counts": {
    "pl_rade": {
      "observed": 6223,
      "derived_density": 0,
      "derived_kepler": 0,
      "imputed": 50,
      "still_missing": 0
    },
    "pl_bmasse": {
      "observed": 6242,
      "derived_density": 0,
      "derived_kepler": 0,
      "imputed": 31,
      "still_missing": 0
    },
    "pl_dens": {
      "observed": 0,
      "derived_density": 6199,
      "derived_kepler": 0,
      "imputed": 74,
      "still_missing": 0
    },
    "pl_orbper": {
      "observed": 5934,
      "derived_density": 0,
      "derived_kepler": 0,
      "imputed": 339,
      "still_missing": 0
    },
    "pl_orbsmax": {
      "observed": 5845,
      "derived_density": 0,
      "derived_kepler": 420,
      "imputed": 8,
      "still_missing": 0
    },
    "pl_insol": {
      "observed": 4397,
      "derived_density": 0,
      "derived_kepler": 0,
      "imputed": 1876,
      "still_missing": 0
    },
    "pl_eqt": {
      "observed": 4673,
      "derived_density": 0,
      "derived_kepler": 0,
      "imputed": 1600,
      "still_missing": 0
    }
  },
  "validation": [
    {
      "method": "knn",
      "feature": "pl_rade",
      "n_validated": 933,
      "mae": 1.68935258723851,
      "rmse": 3.127170186585098,
      "medae": 0.5729393729810428,
      "mape": 39.92671176791537,
      "spearman": 0.818420387365484,
      "pearson": 0.8107050788685419
    },
    {
      "method": "knn",
      "feature": "pl_bmasse",
      "n_validated": 936,
      "mae": 215.627426762164,
      "rmse": 742.5872950534255,
      "medae": 11.443918771376929,
      "mape": 1539.0163515480774,
      "spearman": 0.7341890292888681,
      "pearson": 0.7227873267576072
    },
    {
      "method": "knn",
      "feature": "pl_dens",
      "n_validated": 930,
      "mae": 8.753046695424981,
      "rmse": 148.9589820229399,
      "medae": 0.2760884149037325,
      "mape": 61.42901737227879,
      "spearman": 0.7748010593206367,
      "pearson": -0.008801645110688941
    },
    {
      "method": "knn",
      "feature": "pl_orbper",
      "n_validated": 890,
      "mae": 8998.432877954052,
      "rmse": 203466.23568672183,
      "medae": 8.375450147801406,
      "mape": 886.0155245464636,
      "spearman": 0.5347079801453191,
      "pearson": 0.033174735490433635
    },
    {
      "method": "knn",
      "feature": "pl_orbsmax",
      "n_validated": 940,
      "mae": 5.926906114343331,
      "rmse": 72.30133457950265,
      "medae": 0.15742652537514124,
      "mape": 939.7144260315548,
      "spearman": 0.3599828644563623,
      "pearson": 0.0046979242831028094
    },
    {
      "method": "knn",
      "feature": "pl_insol",
      "n_validated": 660,
      "mae": 256.86487651290895,
      "rmse": 1149.8577961071717,
      "medae": 49.6918737122514,
      "mape": 1163.4791031295729,
      "spearman": 0.7633793310218688,
      "pearson": 0.4739276572076662
    },
    {
      "method": "knn",
      "feature": "pl_eqt",
      "n_validated": 701,
      "mae": 209.95884135744342,
      "rmse": 307.31032270027305,
      "medae": 143.32085347005398,
      "mape": 31.273896873070928,
      "spearman": 0.7347954363065842,
      "pearson": 0.760583159048011
    }
  ],
  "config": {
    "n_neighbors": 15,
    "weights": "distance",
    "max_missing_pct": 60.0,
    "validation_mask_frac": 0.15,
    "random_state": 42,
    "include_stellar_context": false,
    "include_orbital_eccentricity": false
  },
  "physical_derivations": {
    "density": {
      "column_created": true,
      "observed_before": 0,
      "missing_before": 6273,
      "derived_count": 6199,
      "missing_after": 74,
      "formula": "pl_dens = 5.514 * pl_bmasse / pl_rade**3"
    },
    "kepler": {
      "observed_before": 5845,
      "missing_before": 428,
      "derived_count": 420,
      "missing_after": 8,
      "formula": "pl_orbsmax = (st_mass * (pl_orbper / 365.25)**2)**(1/3)"
    }
  },
  "warning": "Los valores imputados no son observaciones astronomicas. Sirven para analisis exploratorio, Mapper/TDA y sensibilidad estadistica. Toda conclusion debe compararse contra casos completos y contra varios metodos de imputacion."
}